image_id,flags,camera,filters,phase_deg,outcome,attribution,haze_dv_px,haze_du_px,haze_confidence,envelope_diameter_px,arc_residual_rms_px,fitted_haze_radius_km,ensemble_status,ensemble_status_reason
N1477239260_2,clean,NAC,CL1+CB3,22.253,spurious,arc_residual,,,0.0,648.909,2.637,2729.503,failed,all_techniques_spurious
N1481359160_1,clean,NAC,CL1+MT3,22.538,committed,,-0.9729,-1.0157,0.776,312.449,1.154,2869.571,success,ok
N1481452791_1,clean,NAC,CL1+CB3,18.153,spurious,ray_yield,,,0.0,1000.296,0.0,0.0,failed,all_techniques_spurious
N1484962455_2,known_bad,NAC,CL1+CL2,81.374,committed,,6.5132,26.1172,0.839,345.461,0.67,2809.795,success,ok
N1487425892_2,clean,NAC,CL1+CL2,113.906,committed,,12.1584,-6.1617,0.664,489.203,1.849,2813.876,success,ok
N1487517693_1,rings_occluding,NAC,CL1+CL2,95.824,spurious,arc_residual,,,0.0,402.493,62.181,3018.353,success,ok
N1496550260_1,clean,NAC,CL1+MT3,10.367,spurious,arc_residual,,,0.0,811.754,2.244,2736.651,failed,all_techniques_spurious
N1498705305_2,clean,NAC,CL1+CL2,81.954,committed,,9.912,50.8673,0.777,429.028,1.196,2775.546,success,ok
N1504004058_2,known_bad,NAC,CL1+CL2,87.856,spurious,ray_yield,,,0.0,344.956,0.0,0.0,success,ok
N1515117363_1,moon_occluding;rings_occluding,NAC,CL1+CL2,,gated,reliability_0.000_below_threshold_0.300,,,,,,,success,ok
N1515117689_1,moon_occluding;rings_occluding,NAC,CL1+CL2,,gated,reliability_0.000_below_threshold_0.300,,,,,,,success,ok
N1515118239_1,near_edge;rings_occluding,NAC,CL1+CL2,,gated,reliability_0.000_below_threshold_0.300,,,,,,,success,ok
N1515118349_1,off_edge;rings_occluding,NAC,CL1+CL2,,gated,reliability_0.000_below_threshold_0.300,,,,,,,success,ok
N1515118569_1,off_edge;rings_occluding,NAC,CL1+CL2,,gated,reliability_0.000_below_threshold_0.300,,,,,,,success,ok
N1516297000_1,high_phase;rings_occluding,NAC,CL1+CL2,,gated,reliability_0.000_below_threshold_0.300,,,,,,,failed,all_features_gated
N1521670512_1,high_phase;moon_occluding;rings_occluding,NAC,CL1+CL2,,gated,reliability_0.000_below_threshold_0.300,,,,,,,success,ok
N1524901622_1,rings_occluding,NAC,CL1+CL2,,gated,reliability_0.000_below_threshold_0.300,,,,,,,conflicted,conflicted_techniques
N1528719506_1,high_phase;moon_occluding,NAC,CL1+CL2,,gated,reliability_0.000_below_threshold_0.300,,,,,,,failed,final_confidence_below_threshold
N1552432154_1,clean,NAC,P120+GRN,54.691,spurious,peak_score,,,0.0,815.206,1.844,2071.823,failed,all_techniques_spurious
N1585391759_1,clean,NAC,CL1+MT3,66.167,committed,,11.0803,-27.4812,0.674,845.869,1.677,2813.351,success,ok
N1604954125_1,clean,NAC,CL1+CB3,55.593,committed,,16.9649,2.9637,0.67,615.623,1.701,2721.085,success,ok
N1604954566_1,clean,NAC,CL1+MT1,55.446,committed,,16.3436,0.4183,0.75,614.543,1.379,2787.194,success,ok
N1609608920_1,clean,NAC,CL1+MT1,54.517,committed,,5.0394,-80.8844,0.713,630.935,1.571,2803.776,success,ok
N1627588920_1,clean,NAC,CL1+UV3,86.401,committed,,0.3496,4.5947,0.875,200.592,0.308,2887.782,success,ok
N1634462210_1,known_bad,NAC,CL1+CL2,80.938,committed,,4.0603,-7.1708,0.722,375.849,0.671,2833.738,success,ok
N1634462549_1,moon_occluding,NAC,CL1+CL2,80.992,committed,,3.1933,-6.4018,0.626,375.678,1.686,2805.369,success,ok
N1634463001_1,moon_occluding,NAC,CL1+CL2,81.063,committed,,0.3621,-14.0597,0.559,375.451,1.856,2790.782,success,ok
N1634463227_1,clean,NAC,CL1+CL2,81.099,committed,,1.9836,-9.9373,0.527,375.338,1.71,2808.138,success,ok
N1634463453_1,off_edge,NAC,CL1+CL2,,gated,reliability_0.000_below_threshold_0.300,,,,,,,success,ok
N1635365580_1,known_bad,NAC,CL1+CL2,,gated,reliability_0.000_below_threshold_0.300,,,,,,,success,ok
N1635365617_1,clean,NAC,CL1+CL2,,gated,reliability_0.000_below_threshold_0.300,,,,,,,failed,lone_blob_in_collapsed_regime
N1636847787_1,clean,NAC,CL1+CL2,87.292,spurious,arc_residual,,,0.0,626.632,2.632,2792.837,success,ok
N1637959164_1,clean,NAC,CL1+CL2,,gated,reliability_0.000_below_threshold_0.300,,,,,,,success,ok
N1647091889_1,clean,NAC,RED+CL2,114.149,committed,,3.9161,0.3721,0.617,307.207,1.556,2838.185,success,ok
N1647092276_1,moon_occluding,NAC,BL1+CL2,114.192,committed,,-5.0609,-10.2328,0.658,307.261,1.18,2899.636,success,ok
N1647092509_1,moon_occluding,NAC,CL1+GRN,114.218,spurious,valid_fraction,,,0.0,307.295,1.574,2891.973,success,ok
N1647092996_1,near_edge,NAC,BL1+CL2,114.272,committed,,3.3025,-11.8949,0.731,307.364,0.523,2874.961,success,ok
N1647460607_1,clean,NAC,CL1+MT1,157.606,spurious,arc_residual,,,0.0,569.404,2.168,2848.672,failed,all_techniques_spurious
N1649556181_1,near_edge,NAC,RED+CL2,61.583,committed,,-0.6616,-0.528,0.554,404.582,1.714,2855.629,success,ok
N1650467933_1,clean,NAC,RED+CL2,100.93,spurious,arc_residual,,,0.0,846.781,3.766,2788.804,success,ok
N1686939958_1,clean,NAC,RED+CL2,99.886,spurious,ray_yield,,,0.0,428.47,0.0,0.0,success,ok
N1689372665_1,clean,NAC,BL1+CL2,18.043,committed,,5.2053,-12.1456,0.652,340.241,1.351,2951.281,success,ok
N1701985038_1,off_edge,NAC,CL1+GRN,,gated,reliability_0.000_below_threshold_0.300,,,,,,,success,ok
N1701985208_1,moon_occluding,NAC,RED+CL2,60.997,committed,,-3.1827,-6.2537,0.64,345.53,1.15,2814.797,success,ok
N1701985412_1,moon_occluding,NAC,RED+CL2,,gated,reliability_0.000_below_threshold_0.300,,,,,,,success,ok
N1702239331_1,clean,NAC,CL1+CL2,107.088,committed,,-6.0733,16.1013,0.771,524.414,1.188,2809.058,success,ok
N1702246562_1,clean,NAC,BL1+CL2,109.248,committed,,0.2464,30.935,0.709,535.49,0.932,2787.385,success,ok
N1715855071_1,rings_occluding,NAC,RED+CL2,,gated,reliability_0.000_below_threshold_0.300,,,,,,,failed,all_techniques_spurious
W1526778201_1,clean,WAC,CL1+CL2,91.058,committed,,6.4526,-4.3923,0.756,466.689,1.316,2784.114,success,ok
W1532184947_1,clean,WAC,CL1+RED,118.909,committed,,6.5576,1.2278,0.72,544.569,1.525,2809.162,success,ok
W1532185013_1,clean,WAC,CL1+VIO,118.909,committed,,4.3987,-0.7525,0.708,545.558,1.603,2876.064,success,ok
W1548712675_1,clean,WAC,CL1+RED,104.455,committed,,2.4655,1.5451,0.778,557.828,1.186,2849.653,success,ok
W1548712789_1,clean,WAC,CL1+VIO,104.453,committed,,1.8221,0.3617,0.801,559.567,1.016,2917.097,success,ok
W1548771820_1,clean,WAC,CL1+VIO,,gated,reliability_0.000_below_threshold_0.300,,,,,,,failed,all_features_gated
W1552216540_1,clean,WAC,CL1+RED,60.562,committed,,0.4202,-7.1484,0.766,586.314,1.252,2867.878,success,ok
W1552216646_1,clean,WAC,CL1+VIO,60.557,committed,,-1.0661,-8.3565,0.783,584.432,1.107,2933.927,success,ok
W1561790952_1,high_phase,WAC,CL1+CL2,166.531,committed,,-3.7155,-0.8126,0.743,478.43,1.386,2941.16,success,ok
W1561794185_1,high_phase,WAC,CL1+RED,166.559,committed,,-0.538,-0.9698,0.762,522.782,1.164,2911.897,success,ok
W1604464865_1,clean,WAC,CL1+CL2,94.543,committed,,-0.214,-2.2836,0.856,248.359,0.545,2814.706,success,ok
W1604466257_1,clean,WAC,CL1+CL2,94.492,committed,,0.1699,-2.4282,0.856,239.596,0.558,2814.27,success,ok
W1604467653_1,clean,WAC,CL1+CL2,94.442,committed,,0.1209,-2.4368,0.862,231.416,0.493,2813.048,success,ok
W1604469049_1,clean,WAC,CL1+CL2,94.394,committed,,-0.6939,-3.1614,0.776,447.567,1.201,2816.961,success,ok
W1618826483_2,known_bad,WAC,CL1+CL2,,no_feature,missing_data_dominant,,,,,,,failed,missing_data_dominant
W1629929515_1,clean,WAC,CL1+RED,13.386,committed,,0.2582,-2.7143,0.61,629.768,1.951,2829.59,success,ok
W1643375992_1,clean,WAC,CL1+VIO,134.718,committed,,4.0657,-0.9796,0.795,550.001,0.807,2843.863,success,ok
W1643376091_1,clean,WAC,CL1+RED,134.715,committed,,3.5923,-0.9683,0.796,551.566,1.006,2809.635,success,ok
W1655808265_1,clean,WAC,CL1+VIO,32.798,spurious,arc_residual,,,0.0,644.608,2.205,2905.215,failed,final_confidence_below_threshold
W1655808364_1,clean,WAC,CL1+RED,32.801,committed,,2.7266,-3.2287,0.792,642.448,0.643,2805.144,success,ok
W1665740526_2,known_bad,WAC,IR2+IR1,118.922,spurious,arc_residual,,,0.0,482.972,7.914,2878.48,failed,all_techniques_spurious
W1676687378_1,rings_occluding,WAC,CB3+CL2,151.125,committed,,0.1736,1.7238,0.824,380.084,0.275,2811.57,success,ok
W1681926856_1,clean,WAC,CL1+VIO,16.378,committed,,-1.3524,-1.7131,0.805,228.813,0.91,2881.334,success,ok
W1683615178_1,clean,WAC,CL1+VIO,46.587,spurious,arc_residual,,,0.0,760.85,3.592,2908.036,failed,all_techniques_spurious
W1683615321_1,clean,WAC,CL1+RED,46.599,committed,,3.0218,-2.9344,0.65,756.502,1.918,2810.822,success,ok
W1702446995_1,known_bad,WAC,CB3+CL2,,no_feature,missing_data_dominant,,,,,,,failed,missing_data_dominant
W1721822901_1,high_phase,WAC,CL1+CL2,149.197,committed,,0.3167,-0.5743,0.752,630.408,0.816,2833.939,success,ok
W1721823033_1,high_phase,WAC,CL1+RED,149.19,committed,,1.5286,-0.8644,0.781,633.069,0.64,2836.722,success,ok
W1743914117_1,clean,WAC,CL1+RED,73.172,committed,,4.581,1.3476,0.767,936.184,1.248,2809.888,success,ok
W1743914297_1,clean,WAC,CL1+VIO,73.177,committed,,3.6159,0.2085,0.649,928.592,1.623,2821.646,success,ok
W1753508727_1,clean,WAC,CL1+VIO,90.31,committed,,2.1783,1.3576,0.814,782.514,0.869,2914.341,success,ok
W1753508826_1,clean,WAC,CL1+RED,90.306,committed,,3.7546,1.0879,0.84,785.702,0.562,2816.506,success,ok
W1822132529_1,clean,WAC,CL1+BL1,63.056,committed,,0.9498,-0.9447,0.81,518.376,0.931,2851.067,success,ok
W1883905091_1,clean,WAC,CB3+CL2,79.8,committed,,0.9345,1.4554,0.836,373.771,0.731,2765.252,success,ok
